{
    "ease": {
        "l2": 1856.469232942848
    },
    "bnslim": {
        "l1": 0.002359115384043269,
        "l2": 5.355622755472375,
        "l3": 43.6347640859786
    },
    "fslr": {
        "l1": 9.820168312641883,
        "l2": 4246.444960705466
    },
    "bnslim_admm": {
        "l1": 1.1953482458604021,
        "l2": 9864.163654534794,
        "l3": 279.2557864645297
    },
    "fairmf": {
        "l2": 4.532752767484958e-06,
        "learning_rate": 0.004942493569631172,
        "num_factors": 32
    },
    "fda": {
        "num_ng": 10,
        "noise_ratio": 0.3
    }
}