{
    "ease": {
        "l2": 27.49904262752833
    },
    "fslr": {
        "l1": 7.798111833933122,
        "l2": 9904.79266881374
    },
    "bnslim_admm": {
        "l1": 44.428003420480636,
        "l2": 9657.946297248674,
        "l3": 3.3110022479152854
    },
    "fairmf": {
        "l2": 0.08121198847981886,
        "learning_rate": 0.0004959377101680163,
        "num_factors": 32
    }
}