{
    "ease": {
        "l2": 1427.5936601168019
    },
    "bnslim": {
        "l1": 0.07309933160734229,
        "l2": 2.8479169637168593,
        "l3": 141.8112721855876
    },
    "fslr": {
        "l1": 4.476090175513493,
        "l2": 9719.276586510494
    },
    "bnslim_admm": {
        "l1": 0.0012617801858310033,
        "l2": 9236.397017251902,
        "l3": 82.15867220084115
    },
    "fairmf": {
        "l2": 1.2398292739920028e-05,
        "learning_rate": 0.049067638238308946,
        "num_factors": 64
    },
    "fda": {
        "num_ng": 10,
        "noise_ratio": 0.7
    }
}