{
    "ease": {
        "l2": 43.30886756971769
    },
    "fslr": {
        "l1": 9.13318351604448,
        "l2": 1.169463719725545
    },
    "bnslim": {
        "l1": 0.0010914120306855985,
        "l2": 0.20178577909680717,
        "l3": 39.659005301258176
    },
    "bnslim_admm": {
        "l1": 19.89071655080876,
        "l2": 190.30457575204966,
        "l3": 59.221789254109176
    },
    "fairmf": {
        "l2": 7.906828050651986e-05,
        "learning_rate": 0.005017569605777893,
        "num_factors": 32
    }
}