{
    "ease": {
        "l2": 67.99369032805016
    },
    "fslr": {
        "l1": 3.36716522617672,
        "l2": 101.4464745133864
    },
    "bnslim": {
        "l1": 0.2567979740779231,
        "l2": 0.2581052741849069,
        "l3": 29.655410052669556
    },
    "bnslim_admm": {
        "l1": 46.32330389235119,
        "l2": 3.0437112423227095,
        "l3": 0.1273555151404623
    },
    "fairmf": {
        "l2": 7.222242082221312e-05,
        "learning_rate": 0.09513708860926386,
        "num_factors": 64
    },
    "fda": {
        "num_ng": 9,
        "noise_ratio": 0.7
    }
}