{
    "ease": {
        "l2": 56.36072902244867
    },
    "fslr": {
        "l1": 8.66996861491877,
        "l2": 70.15890857698783
    },
    "bnslim": {
        "l1": 0.0175422880397389,
        "l2": 0.0023778797510483705,
        "l3": 11.052550333053325
    },
    "bnslim_admm": {
        "l1": 10.339448050601005,
        "l2": 588.8003692678379,
        "l3": 95.74928184986365
    },
    "fairmf": {
        "l2": 0.0086786654748676,
        "learning_rate": 0.012467261956395814,
        "num_factors": 128
    }
}