{
    "ease": {
        "l2": 23.524994995067246
    },
    "fslr": {
        "l1": 6.258253621453833,
        "l2": 7334.866995203536
    },
    "bnslim_admm": {
        "l1": 6.432524174956695,
        "l2": 4169.2546419050595,
        "l3": 77.92558257891089
    },
    "fairmf": {
        "l2": 0.001076491935101332,
        "learning_rate": 0.11528962986982812,
        "num_factors": 128
    }
}