{
    "ease": {
        "l2": 31.588064021308977
    },
    "fslr": {
        "l1": 0.026680106686280083,
        "l2": 9946.291466789846
    },
    "bnslim_admm": {
        "l1": 49.07790902060554,
        "l2": 9530.452812461546,
        "l3": 7.396086106540404
    },
    "fairmf": {
        "l2": 0.0002444444154102598,
        "learning_rate": 0.0004890561373824075,
        "num_factors": 32
    }
}