{
    "ease": {
        "l2": 45.60540192827816
    },
    "fslr": {
        "l1": 6.808489362737487,
        "l2": 29.783046516509366
    },
    "bnslim": {
        "l1": 0.042029651664773085,
        "l2": 0.0015826360726970486,
        "l3": 204.6625580615416
    },
    "bnslim_admm": {
        "l1": 7.591062794567333,
        "l2": 73.03988232137938,
        "l3": 53.612271884111216
    },
    "fairmf": {
        "l2": 0.0010810559002623554,
        "learning_rate": 0.0003843640568125962,
        "num_factors": 32
    }
}