{
    "ease": {
        "l2": 36.583377880405834
    },
    "fslr": {
        "l1": 9.832274892107389,
        "l2": 5.226771919529871
    },
    "bnslim": {
        "l1": 0.459925192020583,
        "l2": 0.0010483212284871201,
        "l3": 41.21216836846671
    },
    "bnslim_admm": {
        "l1": 0.006128360422838354,
        "l2": 2.462297164895508,
        "l3": 0.3813819785587746
    },
    "fairmf": {
        "l2": 8.406165597539815e-05,
        "learning_rate": 0.02970332004707969,
        "num_factors": 128
    }
}