{
    "ease": {
        "l2": 160.51202878506035
    },
    "fslr": {
        "l1": 4.010000137587489,
        "l2": 44.31015993733097
    },
    "bnslim": {
        "l1": 1.9666469799698332,
        "l2": 0.39950265237565225,
        "l3": 492.71629125498293
    },
    "bnslim_admm": {
        "l1": 8.440582195784868,
        "l2": 25.104655700884265,
        "l3": 2.6911550950297385
    },
    "fairmf": {
        "l2": 0.0039777454291908786,
        "learning_rate": 2.3335878432231615e-06,
        "num_factors": 32
    }
}