{
    "ease": {
        "l2": 83.37751716384705
    },
    "fslr": {
        "l1": 9.772201367932169,
        "l2": 1.067871336189328
    },
    "bnslim": {
        "l1": 0.9244027675976421,
        "l2": 1.239361188007124,
        "l3": 42.4567423482494
    },
    "bnslim_admm": {
        "l1": 10.42500207344656,
        "l2": 62.432297814145066,
        "l3": 3.4230451002011755
    },
    "fairmf": {
        "l2": 2.8024299661567585e-05,
        "learning_rate": 0.0038800700823818095,
        "num_factors": 128
    }
}