{
    "ease": {
        "l2": 44.4457961443862
    },
    "fslr": {
        "l1": 4.90718561716553,
        "l2": 160.4212123836631
    },
    "bnslim": {
        "l1": 0.0012194736055924384,
        "l2": 0.0015106351836002392,
        "l3": 33.06451783526586
    },
    "bnslim_admm": {
        "l1": 33.46690046260704,
        "l2": 47.701114094203284,
        "l3": 0.15203493599905823
    },
    "fairmf": {
        "l2": 4.3446389021356494e-05,
        "learning_rate": 0.0037405035528124413,
        "num_factors": 32
    }
}