{
    "ease": {
        "l2": 169.0088828927768
    },
    "fslr": {
        "l1": 9.705751242632145,
        "l2": 119.19719200023857
    },
    "bnslim": {
        "l1": 0.008108373612594243,
        "l2": 0.10898217610814008,
        "l3": 55.60944194382561
    },
    "bnslim_admm": {
        "l1": 18.318309449971327,
        "l2": 14.649743173077098,
        "l3": 14.695942129437082
    },
    "fairmf": {
        "l2": 7.535835248585317e-05,
        "learning_rate": 0.016132958445987618,
        "num_factors": 128
    }
}