{
    "ease": {
        "l2": 1467.528763682355
    },
    "bnslim": {
        "l1": 1.8283661287203556,
        "l2": 0.0010430631936293186,
        "l3": 67.25025141510284
    },
    "fslr": {
        "l1": 0.025332696245737772,
        "l2": 9862.2678872275
    },
    "bnslim_admm": {
        "l1": 4.929460739288533,
        "l2": 6224.043500686753,
        "l3": 94.51807341778054
    },
    "fairmf": {
        "l2": 4.829224486211293e-06,
        "learning_rate": 0.010361044413284705,
        "num_factors": 128
    },
    "fda": {
        "num_ng": 10,
        "noise_ratio": 0.7
    }
}