{
    "ease": {
        "l2": 15.222903947638482
    },
    "fslr": {
        "l1": 9.503294801888352,
        "l2": 7.614169975462542
    },
    "bnslim": {
        "l1": 0.6272313960213962,
        "l2": 0.009384945066165601,
        "l3": 48.48686363608614
    },
    "bnslim_admm": {
        "l1": 8.574753983544152,
        "l2": 82.83251049934206,
        "l3": 281.12714541103367
    },
    "fairmf": {
        "l2": 0.0003086461020287396,
        "learning_rate": 0.0016412106921739108,
        "num_factors": 128
    }
}