{
    "ease": {
        "l2": 113.26029467442001
    },
    "bnslim": {
        "l1": 0.10746076614988632,
        "l2": 0.004629057145412349,
        "l3": 31.545107730098778
    },
    "fslr": {
        "l1": 4.318260620569671,
        "l2": 154.68991638628947
    },
    "bnslim_admm": {
        "l1": 45.6998935124347,
        "l2": 16.020718928579086,
        "l3": 0.0014751886278100452
    },
    "fairmf": {
        "l2": 6.526046708391727e-05,
        "learning_rate": 0.011645328694208095,
        "num_factors": 32
    },
    "fda": {
        "num_ng": 9,
        "noise_ratio": 0.7
    }
}