{
    "ease": {
        "l2": 27.843885285799995
    },
    "fslr": {
        "l1": 0.0027094461961028548,
        "l2": 9637.004209859371
    },
    "bnslim_admm": {
        "l1": 0.007857090370511851,
        "l2": 9400.265647465842,
        "l3": 17.036682309593743
    },
    "fairmf": {
        "l2": 0.0015887741055535382,
        "learning_rate": 0.0007818389763941415,
        "num_factors": 32
    }
}