{
    "ease": {
        "l2": 32.269748267417256
    },
    "bnslim": {
        "l1": 0.2466134568036643,
        "l2": 0.5158135032505486,
        "l3": 26.097525961016995
    },
    "fslr": {
        "l1": 6.199337374725431,
        "l2": 134.07474732311988
    },
    "bnslim_admm": {
        "l1": 49.6285048498709,
        "l2": 5.600786828273823,
        "l3": 105.31439207705188
    },
    "fairmf": {
        "l2": 1.0977983004758414e-06,
        "learning_rate": 2.933284586897087e-06,
        "num_factors": 128
    },
    "fda": {
        "num_ng": 5,
        "noise_ratio": 0.7
    }
}