{
    "ease": {
        "l2": 1431.5124928192572
    },
    "bnslim": {
        "l1": 0.027197264366923355,
        "l2": 5.025851597769279,
        "l3": 43.66512059212009
    },
    "fslr": {
        "l1": 5.639335571243048,
        "l2": 9356.335383346268
    },
    "bnslim_admm": {
        "l1": 11.45987838615499,
        "l2": 3249.0964729191855,
        "l3": 0.002218511537970885
    },
    "fairmf": {
        "l2": 1.141100815287826e-05,
        "learning_rate": 0.01360789273331191,
        "num_factors": 128
    },
    "fda": {
        "num_ng": 10,
        "noise_ratio": 0.1
    }
}