{
    "ease": {
        "l2": 1714.6070996244619
    },
    "bnslim": {
        "l1": 6.980065748565741,
        "l2": 0.19360462138599335,
        "l3": 35.20112414077949
    },
    "fslr": {
        "l1": 0.8631737649187691,
        "l2": 9668.406712021342
    },
    "bnslim_admm": {
        "l1": 9.493241248347678,
        "l2": 3043.207541542205,
        "l3": 0.2828536927988061
    },
    "fairmf": {
        "l2": 1.2065194268936206e-05,
        "learning_rate": 0.01097385120518169,
        "num_factors": 128
    },
    "fda": {
        "num_ng": 10,
        "noise_ratio": 0.3
    }
}