{
    "ease": {
        "l2": 118.17951326122093
    },
    "fslr": {
        "l1": 9.82294055835316,
        "l2": 285.86049029347794
    },
    "bnslim": {
        "l1": 0.09207598879097414,
        "l2": 0.0655543866424915,
        "l3": 43.046937642815095
    },
    "bnslim_admm": {
        "l1": 0.39864469884121245,
        "l2": 81.50058641393046,
        "l3": 0.14158647772707908
    },
    "fairmf": {
        "l2": 7.457621439548914e-05,
        "learning_rate": 0.00869751650588927,
        "num_factors": 128
    }
}