{
    "ease": {
        "l2": 18.688690956746157
    },
    "fslr": {
        "l1": 3.8696154770972533,
        "l2": 9626.47721804222
    },
    "bnslim_admm": {
        "l1": 0.2010510660408057,
        "l2": 9783.781973358662,
        "l3": 0.010113134077827707
    },
    "fairmf": {
        "l2": 0.003278619588529959,
        "learning_rate": 0.0006227460764106858,
        "num_factors": 32
    }
}