{
    "ease": {
        "l2": 108.70382685305036
    },
    "bnslim": {
        "l1": 0.0024575803892774193,
        "l2": 0.047017151118687206,
        "l3": 32.242446356839814
    },
    "fslr": {
        "l1": 6.251356454205314,
        "l2": 763.4435500127552
    },
    "bnslim_admm": {
        "l1": 24.40377247320026,
        "l2": 25.03241123701003,
        "l3": 0.17098431039304196
    },
    "fairmf": {
        "l2": 7.613215486687797e-05,
        "learning_rate": 0.0028233822315155976,
        "num_factors": 32
    },
    "fda": {
        "num_ng": 10,
        "noise_ratio": 0.7
    }
}