{
    "ease": {
        "l2": 134.50154860419158
    },
    "bnslim": {
        "l1": 0.12218046820981422,
        "l2": 1.6353735153791713,
        "l3": 38.47338124749472
    },
    "fslr": {
        "l1": 6.338951574443407,
        "l2": 4.188968094708375
    },
    "bnslim_admm": {
        "l1": 40.061058577253554,
        "l2": 40.05619822990363,
        "l3": 182.9280429968481
    },
    "fairmf": {
        "l2": 3.079872383296554e-05,
        "learning_rate": 0.16972331572737115,
        "num_factors": 32
    },
    "fda": {
        "num_ng": 10,
        "noise_ratio": 0.5
    }
}